step,wall_time,value
0,1782007312.4578834,0.30000001192092896
1,1782007316.2767491,0.0
2,1782007321.212409,0.0
3,1782007324.724696,0.0
4,1782007329.817442,0.0
5,1782007337.9230154,0.0
6,1782007342.0682497,0.0
7,1782007347.8454306,0.0
8,1782007353.1715403,0.0
9,1782007356.567945,0.0
10,1782007360.3219292,0.0
11,1782007365.9704752,0.0
12,1782007372.5695841,0.0
13,1782007378.791783,0.0
14,1782007382.9706714,0.0
15,1782007386.5375438,0.0
16,1782007392.489843,0.0
17,1782007397.6680045,0.0
18,1782007402.7582843,0.0
19,1782007410.1334233,0.0
20,1782007413.9061244,0.0
21,1782007417.4947858,0.0
22,1782007426.4504318,0.30000001192092896
23,1782007430.4088595,0.0
24,1782007440.0332384,0.0
25,1782007443.840893,0.0
26,1782007449.1414833,0.0
27,1782007460.3403826,0.0
28,1782007470.8530881,0.0
29,1782007474.2892537,0.0
30,1782007485.6323285,0.30000001192092896
31,1782007494.4112449,0.0
32,1782007499.6721447,0.0
33,1782007503.1083894,0.0
34,1782007506.7647963,0.0
35,1782007510.3509967,0.0
36,1782007514.35477,0.0
37,1782007519.2727609,0.0
38,1782007522.4724069,0.0
39,1782007530.3104074,0.0
40,1782007533.6170003,0.0
41,1782007543.3538945,0.30000001192092896
42,1782007561.2379663,0.0
43,1782007567.4742584,0.0
44,1782007571.8110452,0.30000001192092896
45,1782007575.999676,0.0
46,1782007578.6145182,0.0
47,1782007583.2161398,0.0
48,1782007586.8713207,0.30000001192092896
49,1782007590.4267664,0.0
50,1782007596.797781,0.0
51,1782007602.2056255,0.0
52,1782007607.400901,0.0
53,1782007613.069371,0.0
54,1782007618.2414238,0.0
55,1782007625.077564,0.0
56,1782007630.7082078,0.0
57,1782007635.183883,0.0
58,1782007643.2706022,0.30000001192092896
59,1782007645.7616751,0.0
60,1782007651.4674952,0.0
61,1782007657.265328,0.0
62,1782007660.4718199,0.0
63,1782007663.9438057,0.0
64,1782007669.8306766,0.0
65,1782007673.0031729,0.30000001192092896
66,1782007676.7473528,0.0
67,1782007681.8118713,0.30000001192092896
68,1782007685.7306888,0.0
69,1782007689.4691083,0.0
70,1782007693.2896254,0.0
71,1782007697.3437743,0.0
72,1782007701.2560756,0.0
73,1782007704.9052594,0.30000001192092896
74,1782007707.5738611,0.0
75,1782007710.7257702,0.0
76,1782007714.5793786,0.0
77,1782007718.4524117,0.30000001192092896
78,1782007720.9769022,0.0
79,1782007725.0812829,0.0
80,1782007729.4142962,0.0
81,1782007732.078159,0.30000001192092896
82,1782007738.8771098,0.0
83,1782007742.3430812,0.0
84,1782007746.570194,0.0
85,1782007748.9781477,0.0
86,1782007760.1334097,0.0
87,1782007763.730782,0.0
88,1782007775.5653636,0.0
89,1782007778.309265,0.0
90,1782007792.383897,0.0
91,1782007796.2426457,0.30000001192092896
92,1782007799.8702729,0.0
93,1782007802.6610208,0.0
94,1782007809.0431354,0.0
95,1782007812.5021029,0.0
96,1782007816.323084,0.0
97,1782007821.333196,0.30000001192092896
98,1782007824.8439398,0.0
99,1782007828.0581536,0.30000001192092896
100,1782007832.687144,0.0
101,1782007840.07749,0.0
102,1782007844.886949,0.0
103,1782007848.942031,0.0
104,1782007853.0219314,0.0
105,1782007857.198336,0.0
106,1782007862.717376,0.0
107,1782007866.763051,0.0
108,1782007870.0150387,0.0
109,1782007875.2202446,0.0
110,1782007877.3919268,0.0
111,1782007881.4321094,0.0
112,1782007886.126585,0.0
113,1782007889.4652052,0.0
114,1782007893.2021334,0.0
115,1782007898.7533529,0.0
116,1782007902.7329981,0.0
117,1782007911.5833418,0.0
118,1782007917.0940537,0.0
119,1782007928.1131012,0.30000001192092896
120,1782007932.9173665,0.0
121,1782007936.9001508,0.0
122,1782007946.403291,0.0
123,1782007953.7450545,0.0
124,1782007957.216629,0.0
125,1782007962.3707366,0.0
126,1782007966.926102,0.0
127,1782007971.9369202,0.0
128,1782007975.6087463,0.0
129,1782007985.7645679,0.0
130,1782007995.2150493,0.0
131,1782007998.621514,0.0
132,1782008001.1292603,0.0
133,1782008005.4204578,0.0
134,1782008014.4222476,0.0
135,1782008018.09087,0.0
136,1782008022.1983697,0.0
137,1782008026.8899856,0.0
138,1782008032.407849,0.0
139,1782008034.7794356,0.0
140,1782008040.6293883,0.0
141,1782008044.9197156,0.0
142,1782008057.3031392,0.30000001192092896
143,1782008059.8739216,0.0
144,1782008062.5221577,0.0
145,1782008067.6172583,0.0
146,1782008071.6278427,0.0
147,1782008075.4200296,0.0
148,1782008078.5167406,0.0
149,1782008084.3254204,0.0
150,1782008089.215979,0.0
151,1782008092.0259407,0.0
152,1782008102.7132432,0.0
153,1782008110.8331375,0.0
154,1782008115.76382,0.0
155,1782008120.0131752,0.0
156,1782008125.0793917,0.0
157,1782008134.1731665,0.0
158,1782008138.0709941,0.30000001192092896
159,1782008142.5101426,0.30000001192092896
160,1782008148.4298537,0.0
161,1782008153.9991248,0.0
162,1782008156.4428775,0.0
163,1782008161.5530388,0.0
164,1782008163.998055,0.0
165,1782008171.0943465,0.0
166,1782008174.3243408,0.0
167,1782008178.6557,0.0
168,1782008182.2755373,0.0
169,1782008185.830583,0.0
170,1782008191.9788518,0.0
171,1782008194.9552524,0.30000001192092896
172,1782008197.7463033,0.0
173,1782008206.120313,0.0
174,1782008212.2145853,0.0
175,1782008219.0753226,0.0
176,1782008222.6813512,0.0
177,1782008226.7127273,0.30000001192092896
178,1782008232.92679,0.0
179,1782008237.3511808,0.30000001192092896
180,1782008249.9506679,0.0
181,1782008254.3068957,0.0
182,1782008260.294416,0.0
183,1782008264.380218,0.0
184,1782008270.002901,0.0
185,1782008278.5568097,0.0
186,1782008290.6817846,0.0
187,1782008293.3233316,0.0
188,1782008299.6583962,0.0
189,1782008304.523529,0.0
190,1782008309.6710546,0.0
191,1782008313.3096428,0.0
192,1782008324.0163803,0.0
193,1782008327.9305375,0.0
194,1782008332.8116949,0.30000001192092896
195,1782008336.7285028,0.0
196,1782008339.9844518,0.30000001192092896
197,1782008345.9653597,0.0
198,1782008355.1570833,0.0
199,1782008369.0184374,0.0
200,1782008373.2617857,0.0
201,1782008383.2051857,0.0
202,1782008386.9009852,0.0
203,1782008392.6147048,0.0
204,1782008395.415685,0.0
205,1782008402.7612138,0.0
206,1782008407.6181684,0.0
207,1782008412.9692976,0.30000001192092896
208,1782008416.043449,0.0
209,1782008422.358814,0.0
210,1782008425.4548378,0.0
211,1782008432.3799741,0.30000001192092896
212,1782008438.3551874,0.0
213,1782008444.8645363,0.30000001192092896
214,1782008449.9717274,0.0
215,1782008454.0338557,0.0
216,1782008458.4479754,0.0
217,1782008462.076179,0.0
218,1782008466.0764039,0.0
219,1782008471.4788902,0.0
220,1782008477.616181,0.0
221,1782008481.8942428,0.0
222,1782008485.724901,0.0
223,1782008493.9697287,0.0
224,1782008499.6238775,0.0
225,1782008519.9715667,0.0
226,1782008522.7015262,0.30000001192092896
227,1782008527.2712631,0.0
228,1782008530.1990654,0.30000001192092896
229,1782008533.7767603,0.0
230,1782008540.1831806,0.0
231,1782008544.8054407,0.0
232,1782008549.4256737,0.0
233,1782008553.4526489,0.0
234,1782008559.0169244,0.0
235,1782008564.537787,0.0
236,1782008570.203742,0.0
237,1782008575.2488768,0.0
238,1782008584.2152555,0.0
239,1782008588.0487478,0.0
240,1782008596.133107,0.0
241,1782008602.2286768,0.0
242,1782008607.3097308,0.0
243,1782008609.7574792,0.0
244,1782008630.8029594,0.0
245,1782008640.059826,0.0
246,1782008652.1813514,0.30000001192092896
247,1782008655.460941,0.0
248,1782008659.413382,0.30000001192092896
249,1782008662.668665,0.30000001192092896
250,1782008666.69775,0.0
251,1782008672.473453,0.0
252,1782008682.22926,0.30000001192092896
253,1782008691.502061,0.0
254,1782008695.2960443,0.0
255,1782008700.9827185,0.30000001192092896
256,1782008703.4472284,0.0
257,1782008706.304141,0.0
258,1782008713.7683928,0.0
259,1782008718.0340903,0.30000001192092896
260,1782008721.5468469,0.0
261,1782008725.1445744,0.0
262,1782008731.6238368,0.0
263,1782008734.171461,0.30000001192092896
264,1782008737.8649633,0.0
265,1782008746.3830953,0.0
266,1782008758.8495064,0.0
267,1782008761.5997725,0.0
268,1782008765.1569326,0.0
269,1782008770.2621794,0.0
270,1782008776.0944037,0.0
271,1782008781.5120986,0.0
272,1782008788.4007802,0.0
273,1782008793.929533,0.0
274,1782008796.7286563,0.0
275,1782008802.6174982,0.0
276,1782008809.0339515,0.0
277,1782008814.0705042,0.0
278,1782008818.0594096,0.0
279,1782008823.7777684,0.0
280,1782008830.0219471,0.0
281,1782008835.7563941,0.0
282,1782008840.291907,0.0
283,1782008843.2689366,0.0
284,1782008846.7319286,0.0
285,1782008853.3111782,0.0
286,1782008857.6129951,0.0
287,1782008861.7264588,0.0
288,1782008866.922071,0.0
289,1782008872.263231,0.0
290,1782008876.9897513,0.0
291,1782008881.4202578,0.0
292,1782008889.8543572,0.0
293,1782008895.8326125,0.0
294,1782008900.859777,0.0
295,1782008912.9942799,0.0
296,1782008921.1284857,0.0
297,1782008925.9339478,0.0
298,1782008931.4180562,0.0
299,1782008935.78894,0.0
300,1782008940.2280033,0.0
301,1782008944.76796,0.0
302,1782008948.3579218,0.0
303,1782008958.7928402,0.0
304,1782008967.1809185,0.0
305,1782008970.446572,0.0
306,1782008980.9008071,0.0
307,1782008991.4280865,0.0
308,1782008998.2685378,0.0
309,1782009003.831587,0.0
310,1782009008.9677243,0.0
311,1782009016.4167585,0.0
312,1782009020.195323,0.0
313,1782009023.5189304,0.0
314,1782009026.4261131,0.0
315,1782009033.858524,0.0
316,1782009038.0147164,0.30000001192092896
317,1782009043.972344,0.0
318,1782009049.2897027,0.30000001192092896
319,1782009054.4130287,0.0
320,1782009066.1737325,0.0
321,1782009070.6790113,0.0
322,1782009080.297292,0.0
323,1782009083.3960772,0.0
324,1782009087.1457665,0.0
325,1782009097.1552784,0.0
326,1782009100.6875904,0.0
327,1782009107.7606807,0.0
328,1782009111.1591644,0.0
329,1782009117.0406914,0.0
330,1782009123.8629994,0.0
331,1782009129.0205817,0.0
332,1782009134.3860147,0.0
333,1782009139.52636,0.0
334,1782009149.8010614,0.0
335,1782009156.7657096,0.0
336,1782009163.8358488,0.0
337,1782009168.8413908,0.0
338,1782009178.942313,0.0
339,1782009186.8364923,0.0
340,1782009190.2822392,0.30000001192092896
341,1782009195.466608,0.0
342,1782009199.4033277,0.0
343,1782009202.5125787,0.0
344,1782009207.2631927,0.0
345,1782009218.926229,0.0
346,1782009225.0153146,0.0
347,1782009228.4103732,0.0
348,1782009233.3000727,0.0
349,1782009238.5200477,0.0
350,1782009242.552915,0.0
351,1782009247.9153478,0.0
352,1782009256.870643,0.0
353,1782009263.0013978,0.0
354,1782009267.6000707,0.0
355,1782009278.2190049,0.0
356,1782009282.7702618,0.0
357,1782009286.771254,0.0
358,1782009297.162771,0.0
359,1782009304.9030836,0.0
360,1782009317.4221613,0.0
361,1782009321.2600179,0.0
362,1782009323.931211,0.0
363,1782009327.748277,0.30000001192092896
364,1782009333.6866283,0.0
365,1782009341.9354742,0.0
366,1782009346.8549569,0.0
367,1782009351.6794362,0.30000001192092896
368,1782009354.3157392,0.0
369,1782009357.3454309,0.0
370,1782009362.3643897,0.0
371,1782009369.308886,0.0
372,1782009379.4541762,0.0
373,1782009387.8448935,0.0
374,1782009394.0710678,0.0
375,1782009396.8552973,0.0
376,1782009409.4055772,0.30000001192092896
377,1782009413.2929282,0.0
378,1782009416.1268504,0.0
379,1782009420.5397284,0.0
380,1782009428.7892368,0.0
381,1782009435.4761436,0.30000001192092896
382,1782009439.551878,0.0
383,1782009447.741651,0.0
384,1782009457.981568,0.0
385,1782009463.0737371,0.0
386,1782009467.4200082,0.0
387,1782009471.80719,0.0
388,1782009481.6743884,0.30000001192092896
389,1782009487.6203823,0.30000001192092896
390,1782009491.2471635,0.0
391,1782009494.155447,0.0
392,1782009498.0209413,0.0
393,1782009500.5822365,0.0
394,1782009504.863607,0.0
395,1782009508.5292053,0.30000001192092896
396,1782009511.8343444,0.30000001192092896
397,1782009518.301925,0.0
398,1782009524.2985525,0.0
399,1782009530.0579598,0.0
400,1782009536.0223458,0.0
401,1782009542.8240838,0.30000001192092896
402,1782009548.4689536,0.30000001192092896
403,1782009558.5809412,0.0
404,1782009564.9736469,0.30000001192092896
405,1782009569.5814219,0.0
406,1782009574.9048405,0.0
407,1782009581.4142997,0.30000001192092896
408,1782009586.3201275,0.0
409,1782009594.1475067,0.0
410,1782009597.0405552,0.0
411,1782009605.7570505,0.0
412,1782009609.0340981,0.30000001192092896
413,1782009623.0501132,0.0
414,1782009666.4611247,0.0
415,1782009671.409516,0.0
416,1782009677.9166002,0.0
417,1782009680.9798768,0.0
418,1782009685.5683439,0.30000001192092896
419,1782009698.289095,0.30000001192092896
420,1782009706.2719598,0.0
421,1782009710.952664,0.0
422,1782009713.6850867,0.0
423,1782009729.9886425,0.0
424,1782009738.6046875,0.0
425,1782009742.9247575,0.0
426,1782009746.8816516,0.0
427,1782009750.0581162,0.0
428,1782009757.9562404,0.0
429,1782009796.654869,0.0
430,1782009826.8321884,0.0
431,1782009833.6690104,0.0
432,1782009848.735332,0.0
433,1782009850.8641982,0.0
434,1782009856.1706681,0.0
435,1782009863.2543,0.0
436,1782009873.6860301,0.0
437,1782009891.1407306,0.0
438,1782009892.5507555,0.0
439,1782009897.8805532,0.0
440,1782009911.577819,0.0
441,1782009914.3273273,0.0
442,1782009926.3673244,0.0
443,1782009932.0317187,0.0
444,1782009937.2938333,0.0
445,1782009950.8517082,0.0
446,1782009952.9042032,0.0
447,1782009961.1933568,0.0
448,1782009970.2165952,0.0
449,1782009977.857181,0.0
450,1782009983.786713,0.30000001192092896
451,1782010001.3917382,0.0
452,1782010003.4538996,0.0
453,1782010008.6274402,0.0
454,1782010013.376186,0.0
455,1782010018.1680968,0.0
456,1782010023.1859837,0.0
457,1782010043.6442978,0.0
458,1782010048.562685,0.0
459,1782010054.9365017,0.0
460,1782010061.2740948,0.0
461,1782010070.0078607,0.0
462,1782010075.2460861,0.30000001192092896
463,1782010084.8404462,0.0
464,1782010089.395262,0.0
465,1782010093.466772,0.30000001192092896
466,1782010096.1591294,0.0
467,1782010109.2687328,0.0
468,1782010112.116659,0.0
469,1782010116.1126337,0.30000001192092896
470,1782010139.350664,0.0
471,1782010143.769915,0.0
472,1782010146.0422351,0.0
473,1782010155.6434948,0.0
474,1782010184.455407,0.0
475,1782010188.4382896,0.0
476,1782010202.2976372,0.0
477,1782010222.3943527,0.0
478,1782010228.0564072,0.0
479,1782010248.049848,0.30000001192092896
480,1782010255.9676325,0.0
481,1782010263.0654433,0.0
482,1782010279.397682,0.0
483,1782010285.9945457,0.0
484,1782010290.92628,0.0
485,1782010297.0917003,0.30000001192092896
486,1782010309.7036088,0.0
487,1782010318.6585374,0.0
488,1782010325.0216844,0.30000001192092896
489,1782010337.6627717,0.0
490,1782010340.4209087,0.0
491,1782010346.057978,0.30000001192092896
492,1782010361.6728516,0.30000001192092896
493,1782010371.70049,0.0
494,1782010382.1061494,0.0
495,1782010389.2077656,0.0
496,1782010403.981319,0.0
497,1782010406.2382896,0.0
498,1782010408.135683,0.0
499,1782010412.845823,0.0
500,1782010419.3545961,0.0
501,1782010426.4951394,0.0
502,1782010429.533649,0.0
503,1782010434.9646509,0.0
504,1782010439.8183594,0.30000001192092896
505,1782010446.389808,0.0
506,1782010450.9856477,0.0
507,1782010455.7022126,0.0
508,1782010462.7802405,0.0
509,1782010474.143894,0.0
510,1782010476.3054278,0.30000001192092896
511,1782010481.9090276,0.0
512,1782010492.0246797,0.0
513,1782010497.2568505,0.0
514,1782010498.884482,0.0
515,1782010503.8354545,0.0
516,1782010508.0935128,0.0
517,1782010519.8909574,0.0
518,1782010524.0167742,0.0
519,1782010534.3807538,0.0
520,1782010538.5559247,0.0
521,1782010545.5835712,0.0
522,1782010551.6866846,0.0
523,1782010556.2380905,0.30000001192092896
524,1782010559.8751547,0.0
525,1782010565.5334532,0.0
526,1782010569.627455,0.30000001192092896
527,1782010573.8075383,0.0
528,1782010579.940033,0.0
529,1782010585.160178,0.0
530,1782010588.2945063,0.0
531,1782010593.0112069,0.0
532,1782010595.9936838,0.0
533,1782010598.6661801,0.0
534,1782010604.4304209,0.0
535,1782010610.1867995,0.0
536,1782010613.839647,0.0
537,1782010617.2706916,0.0
538,1782010624.3179014,0.0
539,1782010629.24851,0.0
540,1782010632.193707,0.0
541,1782010638.2011797,0.0
542,1782010641.9624789,0.0
543,1782010646.4093595,0.0
544,1782010650.3836908,0.0
545,1782010653.1260185,0.0
546,1782010657.19255,0.30000001192092896
547,1782010666.0574238,0.0
548,1782010669.9338923,0.0
549,1782010673.2075586,0.0
550,1782010681.3872204,0.0
551,1782010684.550926,0.0
552,1782010691.224695,0.0
553,1782010696.9336581,0.0
554,1782010702.7187152,0.30000001192092896
555,1782010707.8706427,0.30000001192092896
556,1782010710.7524328,0.0
557,1782010720.13033,0.0
558,1782010726.5622423,0.0
559,1782010732.1178133,0.0
560,1782010734.154158,0.0
561,1782010738.93369,0.0
562,1782010747.2070577,0.0
563,1782010750.7920525,0.0
564,1782010756.0636997,0.0
565,1782010762.9714086,0.0
566,1782010768.1905591,0.0
567,1782010771.7846987,0.0
568,1782010775.860585,0.0
569,1782010779.432349,0.0
570,1782010783.5979733,0.0
571,1782010788.5426345,0.0
572,1782010793.0687363,0.30000001192092896
573,1782010799.370855,0.0
574,1782010805.416041,0.0
575,1782010810.7143488,0.30000001192092896
576,1782010813.6969223,0.0
577,1782010817.640596,0.0
578,1782010820.5955272,0.30000001192092896
579,1782010824.888858,0.30000001192092896
580,1782010829.891814,0.0
581,1782010834.4036524,0.0
582,1782010838.828689,0.0
583,1782010844.4180462,0.0
584,1782010849.3654234,0.0
585,1782010852.813435,0.0
586,1782010857.7441523,0.0
587,1782010863.2437074,0.0
588,1782010865.5672028,0.0
589,1782010869.654555,0.0
590,1782010874.9037778,0.30000001192092896
591,1782010880.0040839,0.30000001192092896
592,1782010887.0337589,0.30000001192092896
593,1782010890.4714227,0.0
594,1782010894.472348,0.30000001192092896
595,1782010904.5647388,0.0
596,1782010907.7266996,0.30000001192092896
597,1782010911.801334,0.0
598,1782010914.686058,0.30000001192092896
599,1782010918.483872,0.0
600,1782010922.9728234,0.30000001192092896
601,1782010928.9338577,0.0
602,1782010931.7331994,0.0
603,1782010935.5128696,0.0
604,1782010940.8410704,0.30000001192092896
605,1782010947.4140592,0.0
606,1782010952.0843728,0.0
607,1782010958.3280573,0.0
608,1782010964.5816362,0.0
609,1782010968.6787624,0.0
610,1782010974.187912,0.0
611,1782010979.2629616,0.0
612,1782010984.6184325,0.30000001192092896
613,1782010990.0339732,0.0
614,1782010993.229441,0.30000001192092896
615,1782010996.5205364,0.0
616,1782011003.0232723,0.30000001192092896
617,1782011008.3259084,0.0
618,1782011012.541521,0.0
619,1782011014.5520434,0.0
620,1782011022.9710267,0.0
621,1782011027.612238,0.0
622,1782011032.2167237,0.0
623,1782011035.002438,0.0
624,1782011040.309487,0.0
625,1782011044.3579252,0.0
626,1782011048.4732473,0.0
627,1782011051.0183158,0.30000001192092896
628,1782011059.6415555,0.0
629,1782011067.2081025,0.0
630,1782011079.7727542,0.0
631,1782011085.3057852,0.0
632,1782011090.1618755,0.0
633,1782011095.0775385,0.0
634,1782011099.516878,0.0
635,1782011128.924278,0.0
636,1782011133.5416827,0.0
637,1782011138.3129632,0.0
638,1782011143.617087,0.0
639,1782011147.3771293,0.0
640,1782011150.7757819,0.0
641,1782011155.4180949,0.0
642,1782011157.8120153,0.0
643,1782011176.9617581,0.0
644,1782011181.5566952,0.0
645,1782011183.7447467,0.30000001192092896
646,1782011188.4235969,0.30000001192092896
647,1782011191.8422253,0.0
648,1782011196.8938267,0.0
649,1782011200.1065814,0.30000001192092896
650,1782011205.5622318,0.30000001192092896
651,1782011210.1201034,0.0
652,1782011214.8607771,0.30000001192092896
653,1782011218.8462975,0.0
654,1782011222.983126,0.0
655,1782011227.1696677,0.0
656,1782011231.5180218,0.0
657,1782011235.6089065,0.30000001192092896
658,1782011240.8801181,0.30000001192092896
659,1782011244.8575773,0.0
660,1782011249.6730459,0.30000001192092896
661,1782011261.1930952,0.0
662,1782011266.4170914,0.0
663,1782011272.1569066,0.30000001192092896
664,1782011276.5315247,0.0
665,1782011280.561296,0.30000001192092896
666,1782011285.8462334,0.30000001192092896
667,1782011288.9630182,0.30000001192092896
668,1782011292.870048,0.0
669,1782011298.0099263,0.0
670,1782011302.2364767,0.0
671,1782011307.67898,0.0
672,1782011312.541682,0.0
673,1782011329.28445,0.0
674,1782011333.679348,0.30000001192092896
675,1782011335.9517207,0.0
676,1782011342.6443107,0.0
677,1782011346.6249843,0.0
678,1782011349.4788463,0.0
679,1782011352.890487,0.30000001192092896
680,1782011355.994877,0.0
681,1782011359.4986434,0.0
682,1782011362.5880365,0.30000001192092896
683,1782011372.5436609,0.30000001192092896
684,1782011375.8610954,0.0
685,1782011379.9239063,0.0
686,1782011382.727185,0.30000001192092896
687,1782011384.8807943,0.0
688,1782011387.9988964,0.30000001192092896
689,1782011391.233525,0.30000001192092896
690,1782011396.6103275,0.0
691,1782011401.258422,0.30000001192092896
692,1782011407.5397925,0.0
693,1782011419.8452785,0.0
694,1782011424.9407547,0.0
695,1782011429.7844005,0.0
696,1782011436.0243423,0.0
697,1782011439.2307434,0.0
698,1782011442.6759691,0.0
699,1782011447.208111,0.30000001192092896
700,1782011450.4993184,0.30000001192092896
701,1782011455.6652427,0.0
702,1782011460.2650247,0.0
703,1782011483.3063993,0.0
704,1782011486.6867094,0.0
705,1782011492.900265,0.30000001192092896
706,1782011496.7439363,0.0
707,1782011502.1248162,0.0
708,1782011505.093995,0.30000001192092896
709,1782011508.2240388,0.0
710,1782011510.5031843,0.0
711,1782011514.6682851,0.30000001192092896
712,1782011519.1431048,0.30000001192092896
713,1782011522.9686162,0.0
714,1782011526.0090444,0.0
715,1782011530.0388825,0.0
716,1782011533.3397908,0.0
717,1782011537.4969602,0.0
718,1782011541.6864047,0.30000001192092896
719,1782011545.4665725,0.30000001192092896
720,1782011551.420517,0.30000001192092896
721,1782011555.700059,0.30000001192092896
722,1782011566.2122588,0.30000001192092896
723,1782011569.8594337,0.30000001192092896
724,1782011574.1597414,0.0
725,1782011578.5494757,0.0
726,1782011582.1335402,0.30000001192092896
727,1782011585.6338975,0.0
728,1782011589.7013438,0.30000001192092896
729,1782011591.7801719,0.0
730,1782011596.4243927,0.0
731,1782011600.4672327,0.30000001192092896
732,1782011603.5974581,0.30000001192092896
733,1782011608.4930143,0.30000001192092896
734,1782011612.4442608,0.0
735,1782011621.5903983,0.30000001192092896
736,1782011625.5018756,0.0
737,1782011629.9676342,0.0
738,1782011633.475106,0.0
739,1782011637.5139914,0.0
740,1782011641.6677606,0.30000001192092896
741,1782011647.1761703,0.0
742,1782011650.5892234,0.0
743,1782011655.045899,0.0
744,1782011667.8612547,0.30000001192092896
745,1782011674.4182382,0.30000001192092896
746,1782011678.1381233,0.30000001192092896
747,1782011682.2191234,0.30000001192092896
748,1782011686.3151596,0.30000001192092896
749,1782011690.1892674,0.30000001192092896
750,1782011693.959526,0.30000001192092896
751,1782011697.9510646,0.0
752,1782011702.3442318,0.0
753,1782011706.7135677,0.30000001192092896
754,1782011711.8604236,0.0
755,1782011716.6651747,0.30000001192092896
756,1782011719.9022915,0.0
757,1782011723.1296809,0.0
758,1782011729.815212,0.30000001192092896
759,1782011734.4488256,0.30000001192092896
760,1782011740.2491724,0.30000001192092896
761,1782011745.3384182,0.0
762,1782011749.9653273,0.0
763,1782011755.232811,0.0
764,1782011760.0287168,0.30000001192092896
765,1782011763.2772088,0.0
766,1782011768.0463595,0.30000001192092896
767,1782011770.7061405,0.30000001192092896
768,1782011777.376844,0.30000001192092896
769,1782011782.3677826,0.0
770,1782011789.8531501,0.30000001192092896
771,1782011797.222146,0.0
772,1782011808.027554,0.0
773,1782011812.3461823,0.30000001192092896
774,1782011826.4011567,0.0
775,1782011829.8590124,0.0
776,1782011834.3283281,0.0
777,1782011836.613642,0.30000001192092896
778,1782011839.1860752,0.0
779,1782011841.4724467,0.30000001192092896
780,1782011851.1445427,0.0
781,1782011896.1476078,0.0
782,1782011900.24532,0.0
783,1782011909.3869722,0.0
784,1782011912.7841918,0.0
785,1782011916.8662088,0.30000001192092896
786,1782011920.8233433,0.30000001192092896
787,1782011924.7072856,0.30000001192092896
788,1782011927.7789137,0.30000001192092896
789,1782011931.771108,0.30000001192092896
790,1782011935.7983592,0.0
791,1782011940.7891095,0.0
792,1782011944.8438597,0.0
793,1782011950.751299,0.30000001192092896
794,1782011957.8801634,0.0
795,1782011970.103225,0.0
796,1782011974.6380312,0.30000001192092896
797,1782011979.5583425,0.0
798,1782011984.3797672,0.0
799,1782011987.5300775,0.30000001192092896
800,1782011999.6057122,0.0
801,1782012014.2314901,0.0
802,1782012019.81527,0.0
803,1782012025.7079024,0.0
804,1782012031.6716955,0.0
805,1782012037.8385704,0.0
806,1782012044.010191,0.30000001192092896
807,1782012049.305033,0.0
808,1782012054.8770378,0.30000001192092896
809,1782012061.4564595,0.30000001192092896
810,1782012066.9683053,0.30000001192092896
811,1782012074.5184236,0.0
812,1782012080.9096127,0.0
813,1782012085.0092764,0.0
814,1782012093.1651742,0.30000001192092896
815,1782012097.4168744,0.30000001192092896
816,1782012100.2160368,0.30000001192092896
817,1782012105.3465905,0.30000001192092896
818,1782012110.916413,0.0
819,1782012115.0121157,0.0
820,1782012154.5213108,0.0
821,1782012160.0994098,0.0
822,1782012165.0459127,0.0
823,1782012171.4607434,0.0
824,1782012176.7421494,0.30000001192092896
825,1782012181.638547,0.0
826,1782012187.63258,0.0
827,1782012195.0955644,0.0
828,1782012201.6766489,0.0
829,1782012214.5518477,0.30000001192092896
830,1782012218.801248,0.30000001192092896
831,1782012228.6150537,0.0
832,1782012235.7767298,0.0
833,1782012239.6024103,0.30000001192092896
834,1782012244.2100296,0.0
835,1782012249.8599973,0.0
836,1782012254.4442544,0.30000001192092896
837,1782012260.145356,0.30000001192092896
838,1782012267.0125573,0.0
839,1782012271.2487385,0.30000001192092896
840,1782012278.7304347,0.0
841,1782012284.5887644,0.30000001192092896
842,1782012294.4945898,0.0
843,1782012299.3876565,0.30000001192092896
844,1782012305.4213555,0.0
845,1782012314.4414873,0.0
846,1782012321.643352,0.30000001192092896
847,1782012325.913939,0.30000001192092896
848,1782012330.7568336,0.0
849,1782012334.684442,0.0
850,1782012337.177497,0.0
851,1782012351.8863728,0.0
852,1782012354.8227901,0.30000001192092896
853,1782012357.522177,0.30000001192092896
854,1782012360.8600953,0.30000001192092896
855,1782012364.519213,0.0
856,1782012368.4624,0.30000001192092896
857,1782012373.785569,0.30000001192092896
858,1782012377.1343875,0.0
859,1782012385.9396474,0.0
860,1782012392.1424382,0.30000001192092896
861,1782012398.2387505,0.30000001192092896
862,1782012403.8679256,0.0
863,1782012409.3431802,0.30000001192092896
864,1782012414.465135,0.30000001192092896
865,1782012419.278805,0.30000001192092896
866,1782012425.1029618,0.30000001192092896
867,1782012431.0911632,0.30000001192092896
868,1782012436.3493404,0.0
869,1782012440.4764032,0.0
870,1782012444.6655815,0.30000001192092896
871,1782012450.0605557,0.0
872,1782012454.9853609,0.0
873,1782012458.855217,0.30000001192092896
874,1782012462.4249966,0.30000001192092896
875,1782012468.854582,0.0
876,1782012471.608557,0.30000001192092896
877,1782012475.87846,0.0
878,1782012490.6256433,0.0
879,1782012496.151472,0.0
880,1782012500.0884535,0.0
881,1782012505.3697944,0.30000001192092896
882,1782012512.6732469,0.0
883,1782012517.0072057,0.0
884,1782012522.1641173,0.0
885,1782012524.8789651,0.30000001192092896
886,1782012532.1036303,0.0
887,1782012538.378656,0.30000001192092896
888,1782012543.8516603,0.0
889,1782012547.4169707,0.30000001192092896
890,1782012551.581988,0.0
891,1782012557.7943048,0.30000001192092896
892,1782012562.5948682,0.30000001192092896
893,1782012566.8471467,0.0
894,1782012570.6740136,0.0
895,1782012575.2643263,0.30000001192092896
896,1782012579.0036752,0.0
897,1782012593.4729493,0.0
898,1782012600.2978516,0.0
899,1782012606.8398988,0.30000001192092896
900,1782012611.3924096,0.0
901,1782012616.2209575,0.30000001192092896
902,1782012625.1912673,0.0
903,1782012629.6891682,0.0
904,1782012633.8499427,0.30000001192092896
905,1782012639.2720213,0.0
906,1782012645.4848375,0.30000001192092896
907,1782012649.799282,0.0
908,1782012652.917294,0.30000001192092896
909,1782012657.2094293,0.30000001192092896
910,1782012661.4768474,0.30000001192092896
911,1782012671.174738,0.30000001192092896
912,1782012685.7299242,0.30000001192092896
913,1782012691.1808643,0.30000001192092896
914,1782012695.4156756,0.30000001192092896
915,1782012701.1067545,0.0
916,1782012706.177563,0.30000001192092896
917,1782012710.9158254,0.30000001192092896
918,1782012714.8965442,0.0
919,1782012720.4345753,0.30000001192092896
920,1782012729.1283612,0.0
921,1782012738.2135596,0.0
922,1782012742.586777,0.0
923,1782012746.0722978,0.30000001192092896
924,1782012750.0678792,0.0
925,1782012757.0123997,0.30000001192092896
926,1782012763.325367,0.30000001192092896
927,1782012767.265898,0.0
928,1782012771.3201115,0.0
929,1782012776.4504282,0.0
930,1782012781.741024,0.30000001192092896
931,1782012790.6311011,0.0
932,1782012796.6803775,0.30000001192092896
933,1782012800.6620154,0.30000001192092896
934,1782012804.8765147,0.0
935,1782012808.107776,0.30000001192092896
936,1782012813.5148945,0.30000001192092896
937,1782012820.4961612,0.0
938,1782012824.1807187,0.30000001192092896
939,1782012830.0880542,0.0
940,1782012833.2500942,0.0
941,1782012839.917748,0.0
942,1782012846.2035894,0.0
943,1782012852.8719897,0.30000001192092896
944,1782012859.1804383,0.30000001192092896
945,1782012863.4460018,0.30000001192092896
946,1782012872.8018596,0.0
947,1782012879.3933976,0.0
948,1782012886.1428607,0.0
949,1782012891.082182,0.30000001192092896
950,1782012896.0159388,0.30000001192092896
951,1782012900.1276686,0.30000001192092896
952,1782012904.8809204,0.0
953,1782012910.2013693,0.0
954,1782012914.1739914,0.30000001192092896
955,1782012920.9882698,0.30000001192092896
956,1782012923.2797077,0.30000001192092896
957,1782012928.2594056,0.0
958,1782012935.426508,0.0
959,1782012941.4242997,0.0
960,1782012947.7072995,0.0
961,1782012953.5937142,0.30000001192092896
962,1782012956.8211358,0.30000001192092896
963,1782012964.865309,0.0
964,1782012970.8074825,0.30000001192092896
965,1782012976.9984038,0.0
966,1782012984.3973734,0.0
967,1782012991.100399,0.0
968,1782012994.2104607,0.0
969,1782012998.784197,0.0
970,1782013003.9785619,0.30000001192092896
971,1782013019.5535088,0.30000001192092896
972,1782013022.3719518,0.30000001192092896
973,1782013026.7471545,0.0
974,1782013031.7888558,0.0
975,1782013037.4290814,0.0
976,1782013042.5349486,0.0
977,1782013047.3594298,0.30000001192092896
978,1782013054.1477225,0.0
979,1782013057.793598,0.0
980,1782013061.5165064,0.30000001192092896
981,1782013064.6854515,0.0
982,1782013067.4197083,0.30000001192092896
983,1782013070.5114071,0.30000001192092896
984,1782013073.7949953,0.30000001192092896
985,1782013076.9379873,0.30000001192092896
986,1782013080.6934867,0.0
987,1782013084.7162142,0.0
988,1782013088.623952,0.30000001192092896
989,1782013092.0065887,0.0
990,1782013099.1671076,0.0
991,1782013105.5952394,0.0
992,1782013115.3697748,0.0
993,1782013124.1117694,0.0
994,1782013143.2375329,0.0
995,1782013153.0654793,0.30000001192092896
996,1782013175.969479,0.0
997,1782013184.5203717,0.0
998,1782013192.4487028,0.0
999,1782013236.6013107,0.0
1000,1782013244.8261297,0.30000001192092896
1001,1782013261.4388876,0.0
1002,1782013268.5322936,0.30000001192092896
1003,1782013302.5552895,0.0
1004,1782013311.0651712,0.0
1005,1782013324.6784823,0.0
1006,1782013335.664543,0.0
1007,1782013343.0188775,0.0
1008,1782013359.172044,0.0
1009,1782013404.0672781,0.0
1010,1782013416.2206643,0.0
1011,1782013432.2746756,0.0
1012,1782013437.3698335,0.30000001192092896
1013,1782013448.5827072,0.0
1014,1782013457.4431567,0.0
1015,1782013467.1248598,0.0
1016,1782013477.622062,0.0
1017,1782013498.0242355,0.0
1018,1782013501.414848,0.30000001192092896
1019,1782013530.8839197,0.30000001192092896
1020,1782013539.9103577,0.0
1021,1782013550.3097303,0.0
1022,1782013558.8672924,0.30000001192092896
1023,1782013570.6131964,0.0
1024,1782013624.9178066,0.0
1025,1782013674.3779805,0.0
1026,1782013677.3637025,0.0
1027,1782013687.920663,0.0
1028,1782013713.4848971,0.0
1029,1782013735.0039442,0.30000001192092896
1030,1782013754.0795224,0.0
1031,1782013757.4164836,0.0
1032,1782013772.7656944,0.0
1033,1782013777.2328358,0.30000001192092896
1034,1782013784.7882075,0.0
1035,1782013793.4975035,0.30000001192092896
1036,1782013808.9771836,0.0
1037,1782013827.2107184,0.0
1038,1782013847.9008586,0.0
1039,1782013875.8087683,0.0
1040,1782013878.807173,0.0
1041,1782013882.7391205,0.0
1042,1782013921.8128004,0.0
1043,1782013926.1644511,0.0
1044,1782013961.9559145,0.0
1045,1782013984.4567273,0.30000001192092896
1046,1782014000.8041353,0.0
1047,1782014055.107302,0.0
1048,1782014078.5199904,0.0
1049,1782014107.927683,0.0
1050,1782014140.564974,0.0
1051,1782014157.1949,0.0
1052,1782014181.4570913,0.0
1053,1782014197.181776,0.0
1054,1782014207.879296,0.0
1055,1782014211.6676142,0.0
1056,1782014233.2138445,0.0
1057,1782014288.2251654,0.0
1058,1782014293.868276,0.30000001192092896
1059,1782014348.4510975,0.0
1060,1782014354.908537,0.0
1061,1782014380.7596257,0.0
1062,1782014418.035498,0.0
1063,1782014421.047364,0.0
1064,1782014424.7537525,0.0
1065,1782014437.272144,0.0
1066,1782014454.5292296,0.0
1067,1782014460.0905812,0.30000001192092896
1068,1782014484.5978594,0.0
1069,1782014504.969308,0.30000001192092896
1070,1782014527.311157,0.0
1071,1782014540.7976155,0.0
1072,1782014586.7718859,0.30000001192092896
1073,1782014604.32183,0.0
1074,1782014629.8853137,0.0
1075,1782014647.00524,0.0
1076,1782014656.3197374,0.0
1077,1782014670.666076,0.0
1078,1782014685.320079,0.0
1079,1782014711.3494956,0.0
1080,1782014715.0972345,0.0
1081,1782014721.872216,0.0
1082,1782014732.480044,0.0
1083,1782014755.2698064,0.0
1084,1782014759.3017318,0.0
1085,1782014795.5226088,0.0
1086,1782014799.0058007,0.30000001192092896
1087,1782014802.0871997,0.30000001192092896
1088,1782014808.7742584,0.0
1089,1782014813.6881697,0.30000001192092896
1090,1782014820.566113,0.0
1091,1782014855.2530646,0.0
1092,1782014863.3248596,0.0
1093,1782014876.3543105,0.0
1094,1782014884.714816,0.0
1095,1782014916.3456676,0.0
1096,1782014952.7007742,0.0
1097,1782014971.7966716,0.0
1098,1782014990.980309,0.0
1099,1782015005.1072695,0.30000001192092896
1100,1782015011.9598818,0.0
1101,1782015035.3700767,0.30000001192092896
1102,1782015057.5302117,0.0
1103,1782015064.1555684,0.0
1104,1782015116.1870573,0.0
1105,1782015123.806973,0.0
1106,1782015146.24993,0.0
1107,1782015164.9459553,0.0
1108,1782015181.2967415,0.0
1109,1782015192.036205,0.30000001192092896
1110,1782015195.792291,0.0
1111,1782015200.8655775,0.0
1112,1782015227.1737206,0.0
1113,1782015244.9930236,0.0
1114,1782015267.2020943,0.30000001192092896
1115,1782015272.418908,0.0
1116,1782015280.43019,0.0
1117,1782015283.459073,0.0
1118,1782015286.8593705,0.0
1119,1782015295.444811,0.30000001192092896
1120,1782015302.1911411,0.0
1121,1782015357.9350202,0.0
1122,1782015371.9688032,0.0
1123,1782015406.7864022,0.0
1124,1782015429.005404,0.0
1125,1782015461.4125414,0.30000001192092896
1126,1782015481.0311334,0.0
1127,1782015492.6028512,0.30000001192092896
1128,1782015534.138891,0.0
1129,1782015551.4513884,0.0
1130,1782015566.8435857,0.30000001192092896
1131,1782015589.474883,0.0
1132,1782015602.3273568,0.0
1133,1782015616.0991693,0.0
1134,1782015629.7043567,0.0
1135,1782015668.0668793,0.30000001192092896
1136,1782015688.3312883,0.0
1137,1782015743.9668636,0.0
1138,1782015763.9781628,0.0
1139,1782015770.4349911,0.0
1140,1782015824.3419633,0.0
1141,1782015835.3569846,0.0
1142,1782015847.2457116,0.0
1143,1782015901.6547003,0.0
1144,1782015955.719559,0.0
1145,1782015974.4900477,0.0
1146,1782015980.1700945,0.0
1147,1782015990.5861397,0.30000001192092896
1148,1782016002.0923097,0.0
1149,1782016056.0511022,0.0
1150,1782016075.7839856,0.0
1151,1782016082.3959365,0.0
1152,1782016136.0066063,0.0
1153,1782016151.868719,0.0
1154,1782016182.5206523,0.0
1155,1782016223.3164973,0.30000001192092896
1156,1782016228.1142752,0.0
1157,1782016235.7426558,0.0
1158,1782016245.3431783,0.0
1159,1782016255.6325645,0.0
1160,1782016297.0198293,0.0
1161,1782016351.974724,0.30000001192092896
1162,1782016406.1297565,0.0
1163,1782016417.3724184,0.30000001192092896
1164,1782016436.223103,0.0
1165,1782016439.5227237,0.0
1166,1782016447.075778,0.0
1167,1782016474.058828,0.0
1168,1782016496.8353598,0.0
1169,1782016505.5798624,0.30000001192092896
1170,1782016520.9842587,0.30000001192092896
1171,1782016575.7671409,0.0
1172,1782016587.1097572,0.0
1173,1782016602.031744,0.0
1174,1782016621.5390475,0.0
1175,1782016627.002994,0.0
1176,1782016680.6050973,0.0
1177,1782016694.031028,0.0
1178,1782016713.2075217,0.0
1179,1782016724.366186,0.0
1180,1782016735.5518885,0.30000001192092896
1181,1782016748.6493423,0.0
1182,1782016764.1967297,0.0
1183,1782016808.2918942,0.0
1184,1782016812.881228,0.0
1185,1782016817.927177,0.0
1186,1782016844.918921,0.30000001192092896
1187,1782016889.2265396,0.0
1188,1782016928.2995014,0.0
1189,1782016933.9360802,0.0
1190,1782016947.4463468,0.0
1191,1782016954.1071537,0.30000001192092896
1192,1782017008.0773625,0.0
1193,1782017050.2203069,0.30000001192092896
1194,1782017064.442882,0.0
1195,1782017076.5995564,0.0
1196,1782017131.0045123,0.0
1197,1782017142.6466568,0.0
1198,1782017159.454649,0.30000001192092896
1199,1782017164.3991022,0.0
1200,1782017217.33525,0.0
1201,1782017240.8448381,0.30000001192092896
1202,1782017262.8520918,0.0
1203,1782017289.8561497,0.0
1204,1782017301.6686308,0.0
1205,1782017312.6741407,0.30000001192092896
1206,1782017342.1472142,0.30000001192092896
1207,1782017354.5909238,0.0
1208,1782017376.4800932,0.0
1209,1782017389.0841615,0.0
1210,1782017443.158385,0.0
1211,1782017462.9164333,0.0
1212,1782017478.9261487,0.0
1213,1782017498.792945,0.30000001192092896
1214,1782017513.5522535,0.30000001192092896
1215,1782017540.2521155,0.30000001192092896
1216,1782017551.3435807,0.0
1217,1782017570.8473656,0.0
1218,1782017592.2046363,0.0
1219,1782017597.0640953,0.0
1220,1782017612.8501728,0.0
1221,1782017645.2241938,0.30000001192092896
1222,1782017669.1946514,0.30000001192092896
1223,1782017688.4697607,0.0
1224,1782017717.989261,0.30000001192092896
1225,1782017760.2478402,0.0
1226,1782017788.6102104,0.0
1227,1782017797.712749,0.0
1228,1782017816.7950866,0.0
1229,1782017836.9789796,0.0
1230,1782017867.3785646,0.0
1231,1782017889.4963243,0.0
1232,1782017903.3983386,0.0
1233,1782017911.156399,0.30000001192092896
1234,1782017939.8977702,0.0
1235,1782017950.2199018,0.0
1236,1782017988.7373178,0.30000001192092896
1237,1782018030.7883604,0.30000001192092896
1238,1782018048.5967054,0.0
1239,1782018057.7030218,0.0
1240,1782018107.1598022,0.0
1241,1782018120.5932305,0.0
1242,1782018140.5810242,0.0
1243,1782018183.8550043,0.0
1244,1782018201.4211056,0.0
1245,1782018219.2324178,0.0
1246,1782018240.1018481,0.0
1247,1782018256.1802728,0.30000001192092896
1248,1782018270.737838,0.0
1249,1782018292.712912,0.0
1250,1782018310.2610407,0.0
1251,1782018328.5075343,0.0
1252,1782018336.0522225,0.0
1253,1782018390.9829779,0.0
1254,1782018402.1831818,0.0
1255,1782018406.4368868,0.0
1256,1782018443.4024985,0.0
1257,1782018468.4522493,0.0
1258,1782018479.5833325,0.0
1259,1782018533.5346782,0.0
1260,1782018540.4293811,0.0
1261,1782018562.1808968,0.0
1262,1782018576.35542,0.0
1263,1782018582.4971921,0.0
1264,1782018588.6299038,0.30000001192092896
1265,1782018600.3590498,0.0
1266,1782018603.9961395,0.0
1267,1782018617.8499367,0.0
1268,1782018650.6822228,0.0
1269,1782018664.6724842,0.0
1270,1782018683.3301356,0.0
1271,1782018699.5136545,0.0
1272,1782018717.712251,0.0
1273,1782018730.7671275,0.0
1274,1782018735.7695372,0.0
1275,1782018749.895477,0.0
1276,1782018771.1867023,0.0
1277,1782018795.9960463,0.0
1278,1782018812.3925235,0.0
1279,1782018819.2867835,0.0
1280,1782018831.3584583,0.0
1281,1782018885.8861415,0.0
1282,1782018897.05696,0.0
1283,1782018923.393011,0.0
1284,1782018964.014836,0.0
1285,1782019017.7956579,0.0
1286,1782019037.4743342,0.30000001192092896
1287,1782019092.0062838,0.0
1288,1782019110.7318084,0.0
1289,1782019164.2834144,0.0
1290,1782019177.5136116,0.0
1291,1782019207.1742828,0.0
1292,1782019239.9139826,0.0
1293,1782019259.9103217,0.0
1294,1782019272.4172719,0.0
1295,1782019290.971245,0.0
1296,1782019298.3309994,0.0
1297,1782019322.4893808,0.0
1298,1782019376.3267126,0.0
1299,1782019382.671143,0.0
1300,1782019436.9703374,0.0
1301,1782019465.7528505,0.0
1302,1782019476.9140086,0.0
1303,1782019489.8712306,0.30000001192092896
1304,1782019516.7921119,0.0
1305,1782019569.0491574,0.0
1306,1782019581.380382,0.0
1307,1782019620.109382,0.0
1308,1782019627.7296386,0.0
1309,1782019644.8186483,0.30000001192092896
1310,1782019662.6938536,0.0
1311,1782019670.9353616,0.0
1312,1782019695.524765,0.0
1313,1782019712.3140004,0.0
1314,1782019717.2517247,0.30000001192092896
1315,1782019737.7207918,0.0
1316,1782019754.4518738,0.0
1317,1782019766.3883262,0.0
1318,1782019789.5973556,0.0
1319,1782019839.0405838,0.0
1320,1782019864.9619577,0.0
1321,1782019879.023933,0.0
1322,1782019898.092716,0.30000001192092896
1323,1782019933.5177019,0.0
1324,1782019939.9576533,0.30000001192092896
1325,1782019994.3769095,0.0
1326,1782020047.5380025,0.0
1327,1782020064.465475,0.0
1328,1782020118.705231,0.0
1329,1782020128.5053113,0.0
1330,1782020136.3404636,0.0
1331,1782020192.8768523,0.0
1332,1782020204.9330244,0.0
1333,1782020259.3541782,0.0
1334,1782020283.735193,0.0
1335,1782020296.531272,0.0
1336,1782020311.3790777,0.0
1337,1782020363.4385042,0.0
1338,1782020395.2960079,0.0
1339,1782020439.0299542,0.0
1340,1782020457.876083,0.0
1341,1782020512.6233127,0.0
1342,1782020518.484572,0.0
1343,1782020535.76569,0.0
1344,1782020547.580981,0.30000001192092896
1345,1782020557.636531,0.0
1346,1782020565.6391532,0.0
1347,1782020592.807252,0.0
1348,1782020646.8005438,0.30000001192092896
1349,1782020668.806033,0.30000001192092896
1350,1782020692.0272725,0.0
1351,1782020739.2448847,0.0
1352,1782020755.7563329,0.0
1353,1782020810.7989182,0.0
1354,1782020821.1074743,0.0
1355,1782020831.8743894,0.0
1356,1782020846.4026988,0.0
1357,1782020859.0704494,0.0
1358,1782020868.2709956,0.0
1359,1782020901.8491542,0.0
1360,1782020933.1331618,0.0
1361,1782020947.092947,0.0
1362,1782021004.9077187,0.0
1363,1782021031.849283,0.0
1364,1782021049.734071,0.30000001192092896
1365,1782021063.2105718,0.0
1366,1782021089.5562894,0.0
1367,1782021098.7989666,0.0
1368,1782021134.8381863,0.0
1369,1782021145.0164363,0.0
1370,1782021153.0388253,0.0
1371,1782021173.0758586,0.0
1372,1782021230.1867564,0.0
1373,1782021288.4698625,0.0
1374,1782021318.2203288,0.0
1375,1782021338.520449,0.0
1376,1782021360.707315,0.0
1377,1782021390.865169,0.0
1378,1782021405.8552425,0.0
1379,1782021456.3338664,0.0
1380,1782021468.2758672,0.0
1381,1782021505.210848,0.0
1382,1782021513.1626782,0.0
1383,1782021569.6731675,0.0
1384,1782021582.3403106,0.0
1385,1782021596.300112,0.0
1386,1782021613.730841,0.0
1387,1782021648.2468405,0.0
1388,1782021659.7689378,0.0
1389,1782021666.7763877,0.0
1390,1782021672.3274522,0.0
1391,1782021701.1187599,0.0
1392,1782021718.7880187,0.0
1393,1782021733.1099744,0.0
1394,1782021740.2621355,0.0
1395,1782021773.22987,0.0
1396,1782021827.805577,0.0
1397,1782021836.5963306,0.0
1398,1782021889.5309553,0.0
1399,1782021897.5724728,0.0
1400,1782021911.7709272,0.0
1401,1782021924.1210938,0.0
1402,1782021969.9303908,0.0
1403,1782021990.9616404,0.0
1404,1782021998.7104194,0.0
1405,1782022048.5345356,0.0
1406,1782022071.2870634,0.0
1407,1782022078.541893,0.0
1408,1782022100.7719407,0.0
1409,1782022112.9874854,0.0
1410,1782022140.319817,0.0
1411,1782022157.243267,0.0
1412,1782022178.0227494,0.0
1413,1782022234.9334965,0.0
1414,1782022265.1490738,0.0
1415,1782022289.425956,0.0
1416,1782022303.3218532,0.0
1417,1782022327.2327936,0.0
1418,1782022339.5281205,0.0
1419,1782022365.5218322,0.0
1420,1782022371.5307455,0.0
1421,1782022383.1191049,0.0
1422,1782022423.869802,0.0
1423,1782022471.199206,0.0
1424,1782022515.670452,0.0
1425,1782022527.4582713,0.30000001192092896
1426,1782022535.1925445,0.0
1427,1782022561.6088586,0.0
1428,1782022588.7860458,0.0
1429,1782022598.816864,0.0
1430,1782022651.5088148,0.0
1431,1782022692.6138268,0.30000001192092896
1432,1782022704.7279303,0.0
1433,1782022717.9361658,0.0
1434,1782022724.5865972,0.0
1435,1782022745.4318883,0.0
1436,1782022767.040436,0.0
1437,1782022795.2133603,0.0
1438,1782022821.0638905,0.0
1439,1782022840.6148055,0.0
1440,1782022848.8999093,0.0
1441,1782022866.3591645,0.0
1442,1782022880.427198,0.0
1443,1782022919.4830544,0.0
1444,1782022934.994166,0.0
1445,1782022951.7336557,0.0
1446,1782022981.6215255,0.0
1447,1782022986.6191187,0.0
1448,1782023017.954993,0.0
1449,1782023024.7262836,0.0
1450,1782023054.156352,0.0
1451,1782023077.544979,0.0
1452,1782023091.1096957,0.0
1453,1782023102.6437624,0.0
1454,1782023118.2631366,0.0
1455,1782023125.745446,0.0
1456,1782023132.6296365,0.0
1457,1782023160.8346808,0.0
1458,1782023173.1123805,0.0
1459,1782023228.0536432,0.0
1460,1782023235.1356766,0.0
1461,1782023254.7718365,0.0
1462,1782023268.346051,0.30000001192092896
1463,1782023308.2860148,0.0
1464,1782023326.216102,0.0
1465,1782023357.092866,0.0
1466,1782023378.6979506,0.0
1467,1782023434.1969726,0.0
1468,1782023450.872656,0.0
1469,1782023470.53268,0.0
1470,1782023477.609294,0.0
1471,1782023490.3692045,0.0
1472,1782023504.4492235,0.0
1473,1782023521.4207687,0.0
1474,1782023538.8022497,0.0
1475,1782023560.7877438,0.0
1476,1782023568.3831017,0.0
1477,1782023603.9949095,0.0
1478,1782023632.1797776,0.0
1479,1782023661.8174767,0.0
1480,1782023694.2432857,0.0
1481,1782023712.0580628,0.0
1482,1782023736.868489,0.0
1483,1782023763.8295202,0.30000001192092896
1484,1782023788.418151,0.0
1485,1782023800.9132152,0.0
1486,1782023812.729518,0.0
1487,1782023829.5143223,0.0
1488,1782023843.99836,0.0
1489,1782023875.7243176,0.0
1490,1782023899.8255346,0.0
1491,1782023919.205864,0.0
1492,1782023938.8454442,0.0
1493,1782023946.577947,0.0
1494,1782023954.3844306,0.0
1495,1782023969.6828809,0.0
1496,1782023996.311652,0.0
1497,1782024010.9835389,0.0
1498,1782024033.351268,0.0
1499,1782024042.1909406,0.0
1500,1782024074.0252843,0.30000001192092896
1501,1782024080.8397632,0.0
1502,1782024091.0375202,0.0
1503,1782024105.8138833,0.0
1504,1782024138.9577682,0.0
1505,1782024190.1715462,0.0
1506,1782024247.8278043,0.30000001192092896
1507,1782024262.7189624,0.0
1508,1782024290.3612266,0.0
1509,1782024297.3851624,0.0
1510,1782024336.034237,0.0
1511,1782024363.9926245,0.0
1512,1782024383.238389,0.0
1513,1782024426.137023,0.0
1514,1782024480.8760188,0.0
1515,1782024493.3898747,0.0
1516,1782024503.6402738,0.0
1517,1782024520.0104527,0.0
1518,1782024541.833251,0.0
1519,1782024547.8683536,0.0
1520,1782024571.1596198,0.0
1521,1782024608.7740386,0.0
1522,1782024627.904865,0.0
1523,1782024651.300641,0.0
1524,1782024667.3505824,0.30000001192092896
1525,1782024723.7889667,0.0
1526,1782024735.9101014,0.0
1527,1782024760.9186082,0.0
1528,1782024773.7351997,0.0
1529,1782024781.313247,0.0
1530,1782024815.9644818,0.0
1531,1782024824.1120718,0.0
1532,1782024834.5276928,0.0
1533,1782024862.3996742,0.0
1534,1782024877.020887,0.0
1535,1782024896.310331,0.0
1536,1782024911.5942247,0.0
1537,1782024922.273376,0.0
1538,1782024935.6358078,0.0
1539,1782024988.9649289,0.0
1540,1782025005.6433997,0.0
1541,1782025014.9018104,0.0
1542,1782025034.2676606,0.0
1543,1782025061.0792007,0.30000001192092896
1544,1782025080.2628562,0.0
1545,1782025104.6485248,0.0
1546,1782025129.018096,0.0
1547,1782025166.793372,0.0
1548,1782025225.9057133,0.0
1549,1782025233.980165,0.0
1550,1782025290.1365905,0.0
1551,1782025313.726319,0.0
1552,1782025340.64199,0.0
1553,1782025352.2216942,0.0
1554,1782025357.0213075,0.0
1555,1782025370.734756,0.0
1556,1782025383.8737917,0.0
1557,1782025409.247843,0.0
1558,1782025424.3357491,0.0
1559,1782025432.6872282,0.0
1560,1782025453.8259504,0.0
1561,1782025512.0098484,0.0
1562,1782025533.4666104,0.0
1563,1782025587.9283535,0.0
1564,1782025641.7593982,0.0
1565,1782025661.6569107,0.0
1566,1782025697.908927,0.0
1567,1782025709.8658416,0.0
1568,1782025726.7219727,0.0
1569,1782025738.7558765,0.0
1570,1782025770.5731149,0.0
1571,1782025790.8147001,0.0
1572,1782025807.982919,0.0
1573,1782025847.8385386,0.0
1574,1782025860.4130101,0.0
1575,1782025868.9742312,0.30000001192092896
1576,1782025877.409789,0.0
1577,1782025886.2633183,0.30000001192092896
1578,1782025927.352063,0.0
1579,1782025949.1708426,0.0
1580,1782025969.174272,0.0
1581,1782025988.3239262,0.0
1582,1782026017.2531142,0.0
1583,1782026042.3447592,0.0
1584,1782026074.732154,0.0
1585,1782026116.7110047,0.0
1586,1782026146.4461381,0.0
1587,1782026164.643379,0.0
1588,1782026195.9280183,0.0
1589,1782026222.3887806,0.0
1590,1782026229.5167465,0.0
1591,1782026262.4633927,0.0
1592,1782026292.7688434,0.0
1593,1782026301.041533,0.0
1594,1782026328.973083,0.0
1595,1782026345.591169,0.30000001192092896
1596,1782026359.2273984,0.30000001192092896
1597,1782026372.510819,0.0
1598,1782026379.2701113,0.0
1599,1782026404.633977,0.0
1600,1782026430.1058805,0.0
1601,1782026445.3534567,0.0
1602,1782026503.9639213,0.0
1603,1782026533.1315122,0.0
1604,1782026552.2092776,0.0
1605,1782026578.9685102,0.0
1606,1782026605.051515,0.0
1607,1782026622.7216406,0.0
1608,1782026655.1409106,0.0
1609,1782026695.446546,0.0
1610,1782026706.30544,0.0
1611,1782026746.834838,0.0
1612,1782026755.0166197,0.0
1613,1782026762.8118339,0.30000001192092896
1614,1782026792.8709936,0.0
1615,1782026832.1144607,0.30000001192092896
1616,1782026876.4362652,0.0
1617,1782026886.6241968,0.0
1618,1782026941.4041572,0.0
1619,1782026962.3639932,0.0
1620,1782027016.9141924,0.0
1621,1782027053.3880699,0.0
1622,1782027084.3578982,0.0
1623,1782027096.0974596,0.0
1624,1782027124.8723283,0.0
1625,1782027159.1325543,0.0
1626,1782027163.746148,0.30000001192092896
1627,1782027202.1516633,0.0
1628,1782027229.287586,0.0
1629,1782027284.5804536,0.0
1630,1782027302.9027371,0.0
1631,1782027326.772367,0.0
1632,1782027341.9798138,0.0
1633,1782027368.9363492,0.0
1634,1782027385.6378174,0.0
1635,1782027410.0205865,0.0
1636,1782027438.351399,0.0
1637,1782027460.1362655,0.0
1638,1782027471.381579,0.0
1639,1782027487.7562635,0.0
1640,1782027496.5880966,0.0
1641,1782027527.3836787,0.0
1642,1782027567.5426407,0.0
1643,1782027574.0985858,0.0
1644,1782027585.0697517,0.0
1645,1782027621.723622,0.0
1646,1782027656.9514108,0.0
1647,1782027666.2644873,0.0
1648,1782027689.1002686,0.0
1649,1782027711.3745782,0.0
1650,1782027724.122868,0.0
1651,1782027738.472925,0.0
1652,1782027753.270525,0.0
1653,1782027763.5655878,0.30000001192092896
1654,1782027794.274083,0.0
1655,1782027828.575768,0.0
1656,1782027839.708606,0.0
1657,1782027846.0732596,0.0
1658,1782027868.267721,0.0
1659,1782027890.7433825,0.30000001192092896
1660,1782027945.5890298,0.0
1661,1782027968.4181383,0.0
1662,1782027973.4509776,0.0
1663,1782027980.2543716,0.0
1664,1782028008.8318408,0.0
1665,1782028024.25639,0.0
1666,1782028030.5933394,0.0
1667,1782028041.8873897,0.0
1668,1782028067.5134633,0.0
1669,1782028085.4190032,0.0
1670,1782028117.7516544,0.0
1671,1782028127.0287988,0.0
1672,1782028137.572433,0.0
1673,1782028159.8814595,0.0
1674,1782028175.4773288,0.0
1675,1782028210.1895332,0.0
1676,1782028252.8685184,0.0
1677,1782028263.3101828,0.0
1678,1782028278.8804245,0.0
1679,1782028296.1445322,0.0
1680,1782028323.4797492,0.0
1681,1782028339.551307,0.0
1682,1782028363.006231,0.0
1683,1782028402.0210974,0.0
1684,1782028456.878076,0.0
1685,1782028473.6830008,0.30000001192092896
1686,1782028490.1961296,0.0
1687,1782028495.4711115,0.0
1688,1782028528.9291937,0.0
1689,1782028553.5423877,0.0
1690,1782028562.388286,0.0
1691,1782028604.8832858,0.0
1692,1782028647.3007,0.0
1693,1782028668.4096487,0.0
1694,1782028695.320943,0.0
1695,1782028716.4169009,0.0
1696,1782028765.2356093,0.0
1697,1782028790.4990735,0.0
1698,1782028816.2680256,0.0
1699,1782028841.6398308,0.0
1700,1782028849.9113672,0.0
1701,1782028870.7180018,0.0
1702,1782028883.4451656,0.0
1703,1782028890.91546,0.0
1704,1782028948.6228437,0.0
1705,1782028990.4104424,0.0
1706,1782029020.8272996,0.0
1707,1782029056.1359391,0.0
1708,1782029060.5211122,0.0
1709,1782029091.006389,0.0
1710,1782029113.2575076,0.0
1711,1782029122.9776723,0.0
1712,1782029165.8089728,0.0
1713,1782029224.3200104,0.0
1714,1782029250.9263978,0.0
1715,1782029267.1983802,0.0
1716,1782029287.7576156,0.0
1717,1782029321.1075597,0.0
1718,1782029330.6350427,0.0
1719,1782029351.3640852,0.0
1720,1782029381.2049973,0.0
1721,1782029398.4256735,0.0
1722,1782029424.6295946,0.0
1723,1782029446.7993925,0.0
1724,1782029459.0744538,0.0
1725,1782029467.7640994,0.0
1726,1782029501.5595868,0.0
1727,1782029521.0243244,0.0
1728,1782029562.939003,0.0
1729,1782029568.836551,0.0
1730,1782029596.8987155,0.0
1731,1782029612.9941666,0.0
1732,1782029654.2239857,0.30000001192092896
1733,1782029662.5716057,0.0
1734,1782029670.0835302,0.0
1735,1782029684.030018,0.0
1736,1782029737.5089178,0.0
1737,1782029744.8097775,0.0
1738,1782029753.1477768,0.0
1739,1782029767.9975579,0.0
1740,1782029825.5936503,0.0
1741,1782029858.7335682,0.0
1742,1782029866.0370543,0.0
1743,1782029876.73601,0.0
1744,1782029882.4847984,0.0
1745,1782029892.2435002,0.0
1746,1782029912.9810326,0.0
1747,1782029927.7748866,0.0
1748,1782029940.069993,0.0
1749,1782029960.8245082,0.0
1750,1782029969.0278475,0.0
1751,1782029979.8106923,0.0
1752,1782029999.4446266,0.0
1753,1782030010.6364148,0.0
1754,1782030028.9905925,0.0
1755,1782030083.4946344,0.0
1756,1782030104.5127378,0.0
1757,1782030115.2712924,0.0
1758,1782030133.3727815,0.0
1759,1782030140.040638,0.0
1760,1782030149.8533454,0.30000001192092896
1761,1782030199.126268,0.30000001192092896
1762,1782030207.7734792,0.0
1763,1782030238.7230792,0.0
1764,1782030268.6910307,0.0
1765,1782030275.3548083,0.0
1766,1782030297.8849673,0.0
1767,1782030301.3795855,0.0
1768,1782030312.3551521,0.0
1769,1782030323.1939173,0.0
1770,1782030342.4878323,0.0
1771,1782030351.9612768,0.0
1772,1782030387.6469696,0.30000001192092896
1773,1782030419.869567,0.0
1774,1782030426.4253933,0.0
1775,1782030454.7878592,0.0
1776,1782030460.4071932,0.0
1777,1782030484.7148576,0.0
1778,1782030542.5184367,0.30000001192092896
1779,1782030567.0859156,0.0
1780,1782030578.6951358,0.0
1781,1782030597.5910666,0.0
1782,1782030620.7386196,0.0
1783,1782030629.79088,0.0
1784,1782030663.0693529,0.0
1785,1782030692.914324,0.0
1786,1782030719.4517243,0.0
1787,1782030730.466768,0.0
1788,1782030751.137423,0.0
1789,1782030769.175239,0.0
1790,1782030794.0789647,0.0
1791,1782030802.4683084,0.0
1792,1782030841.3938086,0.0
1793,1782030848.830636,0.0
1794,1782030864.1387823,0.0
1795,1782030897.2004504,0.0
1796,1782030900.8651414,0.0
1797,1782030908.1693776,0.0
1798,1782030922.4257467,0.0
1799,1782030950.4674044,0.0
1800,1782030962.5442457,0.0
1801,1782030987.6737533,0.0
1802,1782030994.879329,0.0
1803,1782031003.902991,0.0
1804,1782031008.1355584,0.0
1805,1782031043.0535405,0.0
1806,1782031077.5615997,0.0
1807,1782031106.21836,0.0
1808,1782031129.1687796,0.0
1809,1782031139.2389224,0.0
1810,1782031147.0445967,0.0
1811,1782031173.0445182,0.0
1812,1782031191.5060396,0.0
1813,1782031213.3558435,0.0
1814,1782031224.357149,0.0
1815,1782031239.7747788,0.0
1816,1782031252.857188,0.0
1817,1782031266.0179443,0.0
1818,1782031277.851629,0.0
1819,1782031302.987611,0.0
1820,1782031316.351826,0.0
1821,1782031332.8974218,0.0
1822,1782031340.75919,0.30000001192092896
1823,1782031371.5031602,0.30000001192092896
1824,1782031378.6751213,0.0
1825,1782031387.2476828,0.0
1826,1782031398.0556746,0.0
1827,1782031424.9026458,0.0
1828,1782031434.536799,0.0
1829,1782031448.5839682,0.0
1830,1782031454.370593,0.0
1831,1782031501.3213532,0.0
1832,1782031512.089054,0.0
1833,1782031520.179734,0.30000001192092896
1834,1782031536.275157,0.0
1835,1782031552.3533473,0.0
1836,1782031560.0176415,0.0
1837,1782031569.7082179,0.30000001192092896
1838,1782031580.8941321,0.0
1839,1782031599.2370322,0.0
1840,1782031610.9141452,0.0
1841,1782031623.1484606,0.0
1842,1782031642.6912646,0.0
1843,1782031648.026024,0.0
1844,1782031663.2765536,0.0
1845,1782031686.0740745,0.0
1846,1782031696.8784611,0.0
1847,1782031718.2860894,0.0
1848,1782031736.918728,0.0
1849,1782031764.0402424,0.30000001192092896
1850,1782031775.0573282,0.0
1851,1782031787.560432,0.0
1852,1782031801.1402,0.0
1853,1782031810.1455095,0.0
1854,1782031834.1281886,0.0
1855,1782031842.929498,0.0
1856,1782031850.341078,0.0
1857,1782031883.2149212,0.0
1858,1782031893.454337,0.0
1859,1782031905.2001548,0.0
1860,1782031915.1248367,0.0
1861,1782031957.070491,0.30000001192092896
1862,1782031964.9250896,0.0
1863,1782031985.9306703,0.0
1864,1782032020.9409173,0.0
1865,1782032031.6669037,0.0
1866,1782032051.2127562,0.0
1867,1782032073.4911973,0.0
1868,1782032087.28353,0.0
1869,1782032097.333007,0.0
1870,1782032120.6618683,0.0
1871,1782032132.9376068,0.0
1872,1782032140.6468763,0.0
1873,1782032170.5150478,0.0
1874,1782032194.907249,0.0
1875,1782032201.3440497,0.0
1876,1782032223.5881743,0.0
1877,1782032229.9255962,0.0
1878,1782032276.3010492,0.0
1879,1782032298.2605784,0.0
1880,1782032328.8883,0.0
1881,1782032337.5219364,0.0
1882,1782032345.9081686,0.0
1883,1782032362.7908263,0.0
1884,1782032371.4698596,0.0
1885,1782032391.1858819,0.0
1886,1782032397.6074789,0.0
1887,1782032404.6980946,0.0
1888,1782032419.2446668,0.0
1889,1782032442.0296893,0.0
1890,1782032451.6027684,0.0
1891,1782032470.3373857,0.0
1892,1782032474.9187202,0.30000001192092896
1893,1782032488.248202,0.0
1894,1782032495.3978002,0.0
1895,1782032523.625718,0.0
1896,1782032557.7511303,0.0
1897,1782032562.7854366,0.0
1898,1782032617.180095,0.0
1899,1782032640.123381,0.0
1900,1782032646.4672985,0.0
1901,1782032659.4154632,0.0
1902,1782032695.5757096,0.0
1903,1782032748.9678266,0.0
1904,1782032755.0465033,0.0
1905,1782032770.2189858,0.0
1906,1782032791.618241,0.0
1907,1782032803.5289664,0.0
1908,1782032825.2838955,0.0
1909,1782032850.80633,0.0
1910,1782032869.460378,0.0
1911,1782032881.7033272,0.0
1912,1782032888.617425,0.0
1913,1782032896.9618242,0.0
1914,1782032936.91584,0.0
1915,1782032953.3196914,0.0
1916,1782032980.6324623,0.30000001192092896
1917,1782032985.543792,0.0
1918,1782032995.8805697,0.0
1919,1782033011.6447887,0.0
1920,1782033026.1858428,0.0
1921,1782033032.9071827,0.0
1922,1782033037.0849802,0.0
1923,1782033044.4717457,0.0
1924,1782033066.7191985,0.0
1925,1782033072.4240835,0.0
1926,1782033080.0730553,0.0
1927,1782033096.0761235,0.0
1928,1782033125.2015078,0.0
1929,1782033137.124857,0.0
1930,1782033140.2273679,0.0
1931,1782033187.208381,0.30000001192092896
1932,1782033196.0212853,0.0
1933,1782033226.6974046,0.0
1934,1782033234.86022,0.0
1935,1782033243.2011309,0.0
1936,1782033264.9297404,0.0
1937,1782033281.1917152,0.0
1938,1782033293.1454206,0.0
1939,1782033302.1667454,0.0
1940,1782033326.6444354,0.0
1941,1782033344.296838,0.30000001192092896
1942,1782033361.9565635,0.0
1943,1782033395.1327448,0.0
1944,1782033405.18616,0.0
1945,1782033417.712242,0.0
1946,1782033434.9646044,0.0
1947,1782033453.0723403,0.0
1948,1782033478.9032245,0.0
1949,1782033504.5527117,0.0
1950,1782033546.7427363,0.0
1951,1782033582.4542503,0.0
1952,1782033602.3061886,0.0
1953,1782033621.343176,0.0
1954,1782033650.6872458,0.0
1955,1782033660.9153085,0.0
1956,1782033716.6902275,0.0
1957,1782033727.833294,0.0
1958,1782033731.6815097,0.0
1959,1782033760.10188,0.30000001192092896
1960,1782033774.810268,0.0
1961,1782033783.42754,0.0
1962,1782033788.3078656,0.0
1963,1782033805.5414865,0.0
1964,1782033860.6764815,0.0
1965,1782033871.9646914,0.0
1966,1782033880.5615711,0.0
1967,1782033910.7651937,0.0
1968,1782033929.6034813,0.0
1969,1782033935.592581,0.0
1970,1782033951.499546,0.30000001192092896
1971,1782033958.8316307,0.30000001192092896
1972,1782033981.1533985,0.0
1973,1782033995.3821309,0.0
1974,1782034001.512314,0.0
1975,1782034013.8197083,0.0
1976,1782034022.7350185,0.0
1977,1782034057.1173751,0.0
1978,1782034093.5865848,0.0
1979,1782034099.8687742,0.0
1980,1782034115.2005906,0.0
1981,1782034137.8437505,0.0
1982,1782034155.5494223,0.0
1983,1782034165.195104,0.0
1984,1782034196.3284361,0.0
1985,1782034204.092341,0.0
1986,1782034212.8153756,0.0
1987,1782034239.5373795,0.0
1988,1782034248.9922757,0.0
1989,1782034255.3174324,0.30000001192092896
1990,1782034267.2296598,0.0
1991,1782034278.2352452,0.30000001192092896
1992,1782034305.095399,0.0
1993,1782034321.7988584,0.30000001192092896
1994,1782034340.4742997,0.0
1995,1782034359.5459964,0.0
1996,1782034366.6973026,0.0
1997,1782034371.0186439,0.0
1998,1782034377.9388945,0.0
1999,1782034395.8569467,0.0
2000,1782034418.0180168,0.0
2001,1782034428.7329297,0.0
2002,1782034453.7530332,0.0
2003,1782034464.750189,0.0
2004,1782034483.2383416,0.0
2005,1782034489.697831,0.0
2006,1782034496.0658789,0.0
2007,1782034521.8888874,0.0
2008,1782034533.320655,0.0
2009,1782034548.9904163,0.0
2010,1782034583.8326879,0.0
2011,1782034603.320012,0.0
2012,1782034610.0313792,0.0
2013,1782034628.068934,0.0
2014,1782034634.67731,0.0
2015,1782034642.7499099,0.0
2016,1782034680.60561,0.0
2017,1782034689.7885606,0.0
2018,1782034707.2864172,0.0
2019,1782034734.0092251,0.0
2020,1782034740.0550108,0.0
2021,1782034763.5603356,0.0
2022,1782034783.4367292,0.30000001192092896
2023,1782034803.754634,0.0
2024,1782034825.3990765,0.30000001192092896
2025,1782034838.8044882,0.0
2026,1782034848.8824224,0.0
2027,1782034855.4448307,0.0
2028,1782034868.0326667,0.0
2029,1782034882.964394,0.0
2030,1782034890.4486465,0.0
2031,1782034920.5193493,0.0
2032,1782035059.357795,0.0
2033,1782035089.0796676,0.0
2034,1782035112.5026605,0.0
2035,1782035183.3638387,0.0
2036,1782035194.7714324,0.0
2037,1782035205.0584397,0.0
2038,1782035229.0978315,0.0
2039,1782035241.9550214,0.0
2040,1782035282.1529818,0.0
2041,1782035334.9808006,0.0
2042,1782035359.8952866,0.0
2043,1782035364.5414855,0.0
2044,1782035387.0188966,0.30000001192092896
2045,1782035403.8028793,0.0
2046,1782035409.6337903,0.30000001192092896
2047,1782035415.073244,0.0
2048,1782035421.2739015,0.0
2049,1782035430.358596,0.0
2050,1782035440.7721062,0.0
2051,1782035466.2812989,0.0
2052,1782035472.157773,0.0
2053,1782035515.7690809,0.0
2054,1782035525.2085736,0.0
2055,1782035528.0058043,0.0
2056,1782035538.570557,0.0
2057,1782035592.5122592,0.0
2058,1782035690.8360486,0.0
2059,1782035764.1332457,0.0
2060,1782035792.3334396,0.0
2061,1782035809.948307,0.0
2062,1782035817.275075,0.0
2063,1782035886.5489032,0.0
2064,1782035926.1917756,0.0
2065,1782035938.4464211,0.30000001192092896
2066,1782035962.5877018,0.0
2067,1782035965.4609041,0.0
2068,1782035970.508387,0.0
2069,1782035976.6937158,0.0
2070,1782035997.2677956,0.0
2071,1782036003.8035452,0.0
2072,1782036014.101366,0.0
2073,1782036024.7951577,0.0
2074,1782036035.169287,0.0
2075,1782036039.9900947,0.0
2076,1782036046.1459677,0.0
2077,1782036053.161977,0.30000001192092896
2078,1782036068.0732112,0.0
2079,1782036090.5961716,0.0
2080,1782036103.2851412,0.0
2081,1782036126.0095353,0.0
2082,1782036140.9617875,0.0
2083,1782036153.3073905,0.0
2084,1782036168.9525764,0.0
2085,1782036183.6795146,0.0
2086,1782036208.1824906,0.0
2087,1782036221.568499,0.0
2088,1782036242.8331115,0.0
2089,1782036264.147008,0.30000001192092896
2090,1782036278.8867533,0.0
2091,1782036291.933919,0.0
2092,1782036299.3572981,0.0
2093,1782036314.318261,0.0
2094,1782036321.3646822,0.0
2095,1782036329.5413144,0.0
2096,1782036336.2579913,0.0
2097,1782036384.7862976,0.0
2098,1782036404.3563733,0.0
2099,1782036428.544289,0.0
2100,1782036539.225784,0.0
2101,1782036552.3612227,0.0
2102,1782036560.3579314,0.0
2103,1782036569.5744436,0.0
2104,1782036659.2891154,0.0
2105,1782036697.8280342,0.0
2106,1782036718.2467914,0.0
2107,1782036819.6408145,0.0
2108,1782036884.5338364,0.0
2109,1782036890.257913,0.0
2110,1782036904.291133,0.0
2111,1782036911.887197,0.30000001192092896
2112,1782036931.529988,0.0
2113,1782036988.2170057,0.0
2114,1782037000.2789254,0.0
2115,1782037016.664675,0.0
2116,1782037023.054191,0.0
2117,1782037050.4621327,0.0
2118,1782037070.7449265,0.0
2119,1782037080.9422698,0.0
2120,1782037092.559197,0.0
2121,1782037103.1044877,0.30000001192092896
2122,1782037132.554803,0.0
2123,1782037147.293693,0.0
2124,1782037164.7495146,0.0
2125,1782037205.6565955,0.0
2126,1782037211.870472,0.0
2127,1782037235.1129212,0.0
2128,1782037243.779904,0.0
2129,1782037257.581176,0.0
2130,1782037277.9061716,0.0
2131,1782037289.7099273,0.30000001192092896
2132,1782037298.238456,0.0
2133,1782037331.114243,0.0
2134,1782037350.3338656,0.0
2135,1782037358.5864418,0.0
2136,1782037365.2524457,0.0
2137,1782037377.2854488,0.0
2138,1782037384.699296,0.0
2139,1782037428.164876,0.30000001192092896
2140,1782037452.0201783,0.0
2141,1782037479.3362193,0.0
2142,1782037484.4297385,0.30000001192092896
2143,1782037499.4292386,0.0
2144,1782037504.096152,0.0
2145,1782037522.3878381,0.0
2146,1782037529.7238286,0.30000001192092896
2147,1782037538.1423025,0.0
2148,1782037541.3907568,0.30000001192092896
2149,1782037569.4634235,0.0
2150,1782037587.1933079,0.0
2151,1782037594.4335475,0.0
2152,1782037601.0206783,0.0
2153,1782037611.034337,0.0
2154,1782037621.7325444,0.30000001192092896
2155,1782037629.3149176,0.30000001192092896
2156,1782037642.3980541,0.0
2157,1782037649.9702287,0.0
2158,1782037660.7011986,0.0
2159,1782037667.2701793,0.0
2160,1782037694.2281697,0.0
2161,1782037717.213826,0.0
2162,1782037725.8066702,0.30000001192092896
2163,1782037742.7639394,0.0
2164,1782037755.1350527,0.0
2165,1782037776.97954,0.0
2166,1782037783.947328,0.0
2167,1782037788.7107224,0.0
2168,1782037837.165992,0.0
2169,1782037860.2366643,0.0
2170,1782037881.139916,0.0
2171,1782037889.250451,0.0
2172,1782037898.0680149,0.30000001192092896
2173,1782037911.697512,0.30000001192092896
2174,1782037966.050681,0.30000001192092896
2175,1782037990.1725988,0.0
2176,1782038055.461392,0.0
2177,1782038082.3081207,0.30000001192092896
2178,1782038090.111167,0.0
2179,1782038110.2758687,0.0
2180,1782038114.3424807,0.0
2181,1782038140.2028935,0.0
2182,1782038197.3385065,0.0
2183,1782038210.9693537,0.30000001192092896
2184,1782038226.111298,0.0
2185,1782038259.6186283,0.0
2186,1782038304.9401817,0.30000001192092896
2187,1782038318.558193,0.0
2188,1782038331.9191723,0.0
2189,1782038389.7620628,0.0
2190,1782038465.456,0.0
2191,1782038553.9386575,0.0
2192,1782038615.219344,0.0
2193,1782038656.1408594,0.0
2194,1782038665.975047,0.0
2195,1782038678.3785782,0.0
2196,1782038689.9023924,0.0
2197,1782038696.0179029,0.0
2198,1782038700.7856095,0.0
2199,1782038709.9006507,0.0
2200,1782038725.5685704,0.0
2201,1782038729.6026363,0.0
2202,1782038740.8893845,0.0
2203,1782038752.0892255,0.0
2204,1782038759.7689936,0.0
2205,1782038791.735911,0.0
2206,1782038814.3032577,0.0
2207,1782038821.1807353,0.0
2208,1782038836.974909,0.0
2209,1782038908.3710115,0.0
2210,1782038919.0431237,0.0
2211,1782038985.3933685,0.30000001192092896
2212,1782038991.5103235,0.0
2213,1782039034.8034577,0.30000001192092896
2214,1782039071.0786595,0.0
2215,1782039088.5957618,0.0
2216,1782039106.530255,0.0
2217,1782039121.7643921,0.0
2218,1782039185.438851,0.0
2219,1782039226.3643034,0.0
2220,1782039310.7952232,0.0
2221,1782039319.52522,0.0
2222,1782039480.5670679,0.0
2223,1782039663.2592664,0.0
2224,1782039673.8206394,0.0
2225,1782039760.788648,0.0
2226,1782039803.3508885,0.0
2227,1782040018.806514,0.30000001192092896
2228,1782040236.0838265,0.0
2229,1782040284.8799226,0.0
2230,1782040373.8822992,0.0
2231,1782040420.984671,0.0
2232,1782040550.8433318,0.0
2233,1782040621.769393,0.0
2234,1782040735.8258893,0.0
